APAGAR;SALDO;DOTACATUAL;FUNCAO;SUBFUNCAO;PROGRAMA;PROJATIV;ACAO;DOTAC;ALTDO;EMPMES;EMPATUAL;LIQMES;LIQATUAL;PAGOMES;PAGOATUAL;PODER;PODERNOME;ORGAO;ORGAONOME;UNIDADE;CATEGORIA;CATEGORIANOME;GRUPO;GRUPONOME;MODALIDADE;MODALIDADENOME;ELEMENTO;ELEMENTONOME;CATECNOME;FUNCAONOME;PROGRAMANOME;SUBFUNCAONOME;PROJATIVNOME;ACAONOME;CATEC;UNIDADENOME;ORGAO1;UNIDADE1;DESDOBRO;FICHA;EMPRESA;EMPRESANOME;FONINDUSO;FONINDUSONOME;FONGRUPO;FONGRUPONOME;FONCODIGO;FONCODIGONOME;VINGRUPO;VINGRUPONOME;VINCODIGO;VINCODIGONOME;PROCESSADO;NPROCESSADO;DESDOBRONOME;ALTERACAOMAISMES;ALTERACAOMENOSMES;SALDOALTERACAOMES;FONRO;FONRONOME;CFPRO;CFPRONOME;PERC_EMPATUAL_DOTAC;FONTE_STN;FONTE_STNNOME;ESFERANOME;ESFERA;CLASSIFICACAO_SCPINOME;CLASSIFICACAO_MSCNOME;CLASSIFICACAO_SCPI;CLASSIFICACAO_MSC;CATEC_STN;CATEC_STNNOME;VINCULO;VINCULONOME;RESERVA;RESERVA_EMP;RESERVA_SALDO;CATECFICHA;CATECFICHANOME;COMPFR_STN;
0;30000;30000;02;061;1009;1003;0000;30000;0;0;0;0;0;0;0;02;PODER EXECUTIVO;0201;GABINETE DO PREFEITO;020113;3;DESPESAS CORRENTES;3;OUTRAS DESPESAS CORRENTES;90;APLICAÇÕES DIRETAS;36;OUTROS SERVIÇOS DE TERCEIROS - PESSOA FÍSICA;OUTROS SERVIÇOS DE TERCEIROS - PESSOA FÍSICA;Judiciária;MAIS ADMINISTRAÇÃO E FINANÇAS;Ação Judiciária;EFICIENCIA JURIDICA;EFICIENCIA JURIDICA;3.3.90.36.00;DEPARTAMENTO MUNICIPAL DE ASSUNTOS JURÍDICOS;01;13;00;320;1;PREFEITURA MUNICIPAL DE PRADOPOLIS;0;Recursos nao Destinados a Contrapartida;01;TESOURO;00  ;Recursos Ordinarios;110;GERAL;000;GERAL;0;0;OUTROS SERVIÇOS DE TERCEIROS - PESSOA FÍSICA;;;;;;02.061.1009.1003.0000;EFICIENCIA JURIDICA;36,97;1.500;Recursos não Vinculados de Impostos (Exerc.Corrente);FISCAL;10;NÃO INFORMADO;NÃO INFORMADO;;;3.3.90.36.00;;110.000;GERAL;0;0;0;3.3.90.36.00;OUTROS SERVIÇOS DE TERCEIROS - PESSOA FÍSICA;0;
6035,16;-11090,2;0;02;061;1009;1003;0000;0;0;11090,2;11090,2;5055,04;5055,04;5055,04;5055,04;02;PODER EXECUTIVO;0201;GABINETE DO PREFEITO;020113;3;DESPESAS CORRENTES;3;OUTRAS DESPESAS CORRENTES;90;APLICAÇÕES DIRETAS;36;OUTROS SERVIÇOS DE TERCEIROS - PESSOA FÍSICA;ESTAGIÁRIOS;Judiciária;MAIS ADMINISTRAÇÃO E FINANÇAS;Ação Judiciária;EFICIENCIA JURIDICA;EFICIENCIA JURIDICA;3.3.90.36.07;DEPARTAMENTO MUNICIPAL DE ASSUNTOS JURÍDICOS;01;13;07;320;1;PREFEITURA MUNICIPAL DE PRADOPOLIS;0;Recursos nao Destinados a Contrapartida;01;TESOURO;00  ;Recursos Ordinarios;110;GERAL;000;GERAL;0;6035,16;ESTAGIÁRIOS;;;;;;02.061.1009.1003.0000;EFICIENCIA JURIDICA;36,97;1.500;Recursos não Vinculados de Impostos (Exerc.Corrente);FISCAL;10;NÃO INFORMADO;NÃO INFORMADO;;;3.3.90.36.07;;110.000;GERAL;0;0;0;3.3.90.36.00;OUTROS SERVIÇOS DE TERCEIROS - PESSOA FÍSICA;0;
0;396001;396001;04;122;1009;1002;0000;1;396000;0;0;0;0;0;0;02;PODER EXECUTIVO;0201;GABINETE DO PREFEITO;020101;3;DESPESAS CORRENTES;3;OUTRAS DESPESAS CORRENTES;90;APLICAÇÕES DIRETAS;36;OUTROS SERVIÇOS DE TERCEIROS - PESSOA FÍSICA;OUTROS SERVIÇOS DE TERCEIROS - PESSOA FÍSICA;Administração;MAIS ADMINISTRAÇÃO E FINANÇAS;Administração Geral;ADMINISTRAÇÃO ORGANIZADA, EFICIENTE E TECNOLOGICA;ADMINISTRAÇÃO ORGANIZADA, EFICIENTE E TECNOLOGICA;3.3.90.36.00;DEPARTAMENTO DE ADMINISTRAÇÃO GERAL;01;01;00;23;1;PREFEITURA MUNICIPAL DE PRADOPOLIS;0;Recursos nao Destinados a Contrapartida;01;TESOURO;00  ;Recursos Ordinarios;110;GERAL;000;GERAL;0;0;OUTROS SERVIÇOS DE TERCEIROS - PESSOA FÍSICA;396000;0;396000;;;04.122.1009.1002.0000;ADMINISTRAÇÃO ORGANIZADA, EFICIENTE E TECNOLOGICA;59,23;1.500;Recursos não Vinculados de Impostos (Exerc.Corrente);FISCAL;10;NÃO INFORMADO;NÃO INFORMADO;;;3.3.90.36.00;;110.000;GERAL;0;0;0;3.3.90.36.00;OUTROS SERVIÇOS DE TERCEIROS - PESSOA FÍSICA;0;
1621;-4863;0;04;122;1009;1002;0000;0;0;4863;4863;3242;3242;3242;3242;02;PODER EXECUTIVO;0201;GABINETE DO PREFEITO;020101;3;DESPESAS CORRENTES;3;OUTRAS DESPESAS CORRENTES;90;APLICAÇÕES DIRETAS;36;OUTROS SERVIÇOS DE TERCEIROS - PESSOA FÍSICA;DIÁRIAS A COLABORADORES EVENTUAIS NO PAÍS;Administração;MAIS ADMINISTRAÇÃO E FINANÇAS;Administração Geral;ADMINISTRAÇÃO ORGANIZADA, EFICIENTE E TECNOLOGICA;ADMINISTRAÇÃO ORGANIZADA, EFICIENTE E TECNOLOGICA;3.3.90.36.02;DEPARTAMENTO DE ADMINISTRAÇÃO GERAL;01;01;02;23;1;PREFEITURA MUNICIPAL DE PRADOPOLIS;0;Recursos nao Destinados a Contrapartida;01;TESOURO;00  ;Recursos Ordinarios;110;GERAL;000;GERAL;0;1621;DIÁRIAS A COLABORADORES EVENTUAIS NO PAÍS;;;;;;04.122.1009.1002.0000;ADMINISTRAÇÃO ORGANIZADA, EFICIENTE E TECNOLOGICA;59,23;1.500;Recursos não Vinculados de Impostos (Exerc.Corrente);FISCAL;10;NÃO INFORMADO;NÃO INFORMADO;;;3.3.90.36.99;;110.000;GERAL;0;0;0;3.3.90.36.00;OUTROS SERVIÇOS DE TERCEIROS - PESSOA FÍSICA;0;
75026,06;-119492,39;0;04;122;1009;1002;0000;0;0;119492,39;119492,39;44466,33;44466,33;44466,33;44466,33;02;PODER EXECUTIVO;0201;GABINETE DO PREFEITO;020101;3;DESPESAS CORRENTES;3;OUTRAS DESPESAS CORRENTES;90;APLICAÇÕES DIRETAS;36;OUTROS SERVIÇOS DE TERCEIROS - PESSOA FÍSICA;ESTAGIÁRIOS;Administração;MAIS ADMINISTRAÇÃO E FINANÇAS;Administração Geral;ADMINISTRAÇÃO ORGANIZADA, EFICIENTE E TECNOLOGICA;ADMINISTRAÇÃO ORGANIZADA, EFICIENTE E TECNOLOGICA;3.3.90.36.07;DEPARTAMENTO DE ADMINISTRAÇÃO GERAL;01;01;07;23;1;PREFEITURA MUNICIPAL DE PRADOPOLIS;0;Recursos nao Destinados a Contrapartida;01;TESOURO;00  ;Recursos Ordinarios;110;GERAL;000;GERAL;0;75026,06;ESTAGIÁRIOS;;;;;;04.122.1009.1002.0000;ADMINISTRAÇÃO ORGANIZADA, EFICIENTE E TECNOLOGICA;59,23;1.500;Recursos não Vinculados de Impostos (Exerc.Corrente);FISCAL;10;NÃO INFORMADO;NÃO INFORMADO;;;3.3.90.36.07;;110.000;GERAL;0;0;0;3.3.90.36.00;OUTROS SERVIÇOS DE TERCEIROS - PESSOA FÍSICA;0;
69116,67;-96000;0;04;122;1009;1002;0000;0;0;96000;96000;26883,33;26883,33;26883,33;26883,33;02;PODER EXECUTIVO;0201;GABINETE DO PREFEITO;020101;3;DESPESAS CORRENTES;3;OUTRAS DESPESAS CORRENTES;90;APLICAÇÕES DIRETAS;36;OUTROS SERVIÇOS DE TERCEIROS - PESSOA FÍSICA;PRÓ-LABORE A CONSULTORES EVENTUAIS;Administração;MAIS ADMINISTRAÇÃO E FINANÇAS;Administração Geral;ADMINISTRAÇÃO ORGANIZADA, EFICIENTE E TECNOLOGICA;ADMINISTRAÇÃO ORGANIZADA, EFICIENTE E TECNOLOGICA;3.3.90.36.11;DEPARTAMENTO DE ADMINISTRAÇÃO GERAL;01;01;11;23;1;PREFEITURA MUNICIPAL DE PRADOPOLIS;0;Recursos nao Destinados a Contrapartida;01;TESOURO;00  ;Recursos Ordinarios;100;GERAL TOTAL;016;CONVENIO MULTA DE TRANSITO;0;69116,67;PRÓ-LABORE A CONSULTORES EVENTUAIS;;;;;;04.122.1009.1002.0000;ADMINISTRAÇÃO ORGANIZADA, EFICIENTE E TECNOLOGICA;59,23;1.500;Recursos não Vinculados de Impostos (Exerc.Corrente);FISCAL;10;NÃO INFORMADO;NÃO INFORMADO;;;3.3.90.36.99;;100.016;CONVENIO MULTA DE TRANSITO;0;0;0;3.3.90.36.00;OUTROS SERVIÇOS DE TERCEIROS - PESSOA FÍSICA;0;
11083,33;-13000;0;04;122;1009;1002;0000;0;0;13000;13000;1916,67;1916,67;1916,67;1916,67;02;PODER EXECUTIVO;0201;GABINETE DO PREFEITO;020101;3;DESPESAS CORRENTES;3;OUTRAS DESPESAS CORRENTES;90;APLICAÇÕES DIRETAS;36;OUTROS SERVIÇOS DE TERCEIROS - PESSOA FÍSICA;OUTROS SERVIÇOS DE PESSOA FÍSICA;Administração;MAIS ADMINISTRAÇÃO E FINANÇAS;Administração Geral;ADMINISTRAÇÃO ORGANIZADA, EFICIENTE E TECNOLOGICA;ADMINISTRAÇÃO ORGANIZADA, EFICIENTE E TECNOLOGICA;3.3.90.36.99;DEPARTAMENTO DE ADMINISTRAÇÃO GERAL;01;01;99;23;1;PREFEITURA MUNICIPAL DE PRADOPOLIS;0;Recursos nao Destinados a Contrapartida;01;TESOURO;00  ;Recursos Ordinarios;100;GERAL TOTAL;016;CONVENIO MULTA DE TRANSITO;0;11083,33;OUTROS SERVIÇOS DE PESSOA FÍSICA;;;;;;04.122.1009.1002.0000;ADMINISTRAÇÃO ORGANIZADA, EFICIENTE E TECNOLOGICA;59,23;1.500;Recursos não Vinculados de Impostos (Exerc.Corrente);FISCAL;10;NÃO INFORMADO;NÃO INFORMADO;;;3.3.90.36.99;;100.016;CONVENIO MULTA DE TRANSITO;0;0;0;3.3.90.36.00;OUTROS SERVIÇOS DE TERCEIROS - PESSOA FÍSICA;0;
0;-1214,8;0;04;122;1009;1002;0000;0;0;1214,8;1214,8;1214,8;1214,8;1214,8;1214,8;02;PODER EXECUTIVO;0201;GABINETE DO PREFEITO;020101;3;DESPESAS CORRENTES;3;OUTRAS DESPESAS CORRENTES;90;APLICAÇÕES DIRETAS;36;OUTROS SERVIÇOS DE TERCEIROS - PESSOA FÍSICA;OUTROS SERVIÇOS DE PESSOA FÍSICA;Administração;MAIS ADMINISTRAÇÃO E FINANÇAS;Administração Geral;ADMINISTRAÇÃO ORGANIZADA, EFICIENTE E TECNOLOGICA;ADMINISTRAÇÃO ORGANIZADA, EFICIENTE E TECNOLOGICA;3.3.90.36.99;DEPARTAMENTO DE ADMINISTRAÇÃO GERAL;01;01;99;23;1;PREFEITURA MUNICIPAL DE PRADOPOLIS;0;Recursos nao Destinados a Contrapartida;01;TESOURO;00  ;Recursos Ordinarios;110;GERAL;000;GERAL;0;0;OUTROS SERVIÇOS DE PESSOA FÍSICA;;;;;;04.122.1009.1002.0000;ADMINISTRAÇÃO ORGANIZADA, EFICIENTE E TECNOLOGICA;59,23;1.500;Recursos não Vinculados de Impostos (Exerc.Corrente);FISCAL;10;NÃO INFORMADO;NÃO INFORMADO;;;3.3.90.36.99;;110.000;GERAL;0;0;0;3.3.90.36.00;OUTROS SERVIÇOS DE TERCEIROS - PESSOA FÍSICA;0;
0;1;1;04;126;1009;1015;0000;1;0;0;0;0;0;0;0;02;PODER EXECUTIVO;0201;GABINETE DO PREFEITO;020114;3;DESPESAS CORRENTES;3;OUTRAS DESPESAS CORRENTES;90;APLICAÇÕES DIRETAS;36;OUTROS SERVIÇOS DE TERCEIROS - PESSOA FÍSICA;OUTROS SERVIÇOS DE TERCEIROS - PESSOA FÍSICA;Administração;MAIS ADMINISTRAÇÃO E FINANÇAS;Tecnologia da Informação;TECNOLOGIA DA INFORMAÇÃO EFICIENTE E TRANSPARENTE;TECNOLOGIA DA INFORMAÇÃO EFICIENTE E TRANSPARENTE;3.3.90.36.00;DEPARTAMENTO MUNICIPAL DE TECNOLOGIA DA INFORMAÇÃO;01;14;00;324;1;PREFEITURA MUNICIPAL DE PRADOPOLIS;0;Recursos nao Destinados a Contrapartida;01;TESOURO;00  ;Recursos Ordinarios;110;GERAL;000;GERAL;0;0;OUTROS SERVIÇOS DE TERCEIROS - PESSOA FÍSICA;;;;;;04.126.1009.1015.0000;TECNOLOGIA DA INFORMAÇÃO EFICIENTE E TRANSPARENTE;0;1.500;Recursos não Vinculados de Impostos (Exerc.Corrente);FISCAL;10;NÃO INFORMADO;NÃO INFORMADO;;;3.3.90.36.00;;110.000;GERAL;0;0;0;3.3.90.36.00;OUTROS SERVIÇOS DE TERCEIROS - PESSOA FÍSICA;0;
0;50001;50001;08;243;1003;1043;0000;1;50000;0;0;0;0;0;0;02;PODER EXECUTIVO;0201;GABINETE DO PREFEITO;020106;3;DESPESAS CORRENTES;3;OUTRAS DESPESAS CORRENTES;90;APLICAÇÕES DIRETAS;36;OUTROS SERVIÇOS DE TERCEIROS - PESSOA FÍSICA;OUTROS SERVIÇOS DE TERCEIROS - PESSOA FÍSICA;Assistência Social;MAIS PROMOÇÃO E ASSISTENCIA SOCIAL;Assistência à Criança e ao Adolescente;Atender as demandas encaminhadas pelo Ministério Público, Co;Atender as demandas encaminhadas pelo Ministério Público, Co;3.3.90.36.00;DEPARTAMENTO MUNICIPAL DE ASSISTÊNCIA E PROMOÇÃO SOCIAL;01;06;00;234;1;PREFEITURA MUNICIPAL DE PRADOPOLIS;0;Recursos nao Destinados a Contrapartida;01;TESOURO;00  ;Recursos Ordinarios;510;ASSISTÊNCIA SOCIAL-GERAL;000;ASSISTÊNCIA SOCIAL-GERAL;0;0;OUTROS SERVIÇOS DE TERCEIROS - PESSOA FÍSICA;50000;0;50000;;;08.243.1003.1043.0000;Atender as demandas encaminhadas pelo Ministério Público, Conselho Tutelar, Rede Protetiva, entre outros.;83,21;1.500;Recursos não Vinculados de Impostos (Exerc.Corrente);FISCAL;10;NÃO INFORMADO;NÃO INFORMADO;;;3.3.90.36.00;;510.000;ASSISTÊNCIA SOCIAL-GERAL;0;0;0;3.3.90.36.00;OUTROS SERVIÇOS DE TERCEIROS - PESSOA FÍSICA;0;
19175,44;-41604,02;0;08;243;1003;1043;0000;0;0;41604,02;41604,02;22428,58;22428,58;22428,58;22428,58;02;PODER EXECUTIVO;0201;GABINETE DO PREFEITO;020106;3;DESPESAS CORRENTES;3;OUTRAS DESPESAS CORRENTES;90;APLICAÇÕES DIRETAS;36;OUTROS SERVIÇOS DE TERCEIROS - PESSOA FÍSICA;ESTAGIÁRIOS;Assistência Social;MAIS PROMOÇÃO E ASSISTENCIA SOCIAL;Assistência à Criança e ao Adolescente;Atender as demandas encaminhadas pelo Ministério Público, Co;Atender as demandas encaminhadas pelo Ministério Público, Co;3.3.90.36.07;DEPARTAMENTO MUNICIPAL DE ASSISTÊNCIA E PROMOÇÃO SOCIAL;01;06;07;234;1;PREFEITURA MUNICIPAL DE PRADOPOLIS;0;Recursos nao Destinados a Contrapartida;01;TESOURO;00  ;Recursos Ordinarios;510;ASSISTÊNCIA SOCIAL-GERAL;000;ASSISTÊNCIA SOCIAL-GERAL;0;19175,44;ESTAGIÁRIOS;;;;;;08.243.1003.1043.0000;Atender as demandas encaminhadas pelo Ministério Público, Conselho Tutelar, Rede Protetiva, entre outros.;83,21;1.500;Recursos não Vinculados de Impostos (Exerc.Corrente);FISCAL;10;NÃO INFORMADO;NÃO INFORMADO;;;3.3.90.36.07;;510.000;ASSISTÊNCIA SOCIAL-GERAL;0;0;0;3.3.90.36.00;OUTROS SERVIÇOS DE TERCEIROS - PESSOA FÍSICA;0;
0;129500;129500;10;301;1001;1035;0000;10000;119500;0;0;0;0;0;0;02;PODER EXECUTIVO;0201;GABINETE DO PREFEITO;020105;3;DESPESAS CORRENTES;3;OUTRAS DESPESAS CORRENTES;90;APLICAÇÕES DIRETAS;36;OUTROS SERVIÇOS DE TERCEIROS - PESSOA FÍSICA;OUTROS SERVIÇOS DE TERCEIROS - PESSOA FÍSICA;Saúde;MAIS SAUDE;Atenção Básica;Atenção Básica para Todos;Atenção Básica para Todos;3.3.90.36.00;DEPARTAMENTO MUNICIPAL DE SAÚDE;01;05;00;159;1;PREFEITURA MUNICIPAL DE PRADOPOLIS;0;Recursos nao Destinados a Contrapartida;01;TESOURO;00  ;Recursos Ordinarios;310;SAÚDE–GERAL;000;SAÚDE–GERAL;0;0;OUTROS SERVIÇOS DE TERCEIROS - PESSOA FÍSICA;125000;5500;119500;;;10.301.1001.1035.0000;Atenção Básica para Todos;99,97;1.500;Recursos não Vinculados de Impostos (Exerc.Corrente);FISCAL;10;NÃO INFORMADO;NÃO INFORMADO;;;3.3.90.36.00;;310.000;SAÚDE–GERAL;0;0;0;3.3.90.36.00;OUTROS SERVIÇOS DE TERCEIROS - PESSOA FÍSICA;1002;
76503,24;-128116,36;0;10;301;1001;1035;0000;0;0;128116,36;128116,36;51613,12;51613,12;51613,12;51613,12;02;PODER EXECUTIVO;0201;GABINETE DO PREFEITO;020105;3;DESPESAS CORRENTES;3;OUTRAS DESPESAS CORRENTES;90;APLICAÇÕES DIRETAS;36;OUTROS SERVIÇOS DE TERCEIROS - PESSOA FÍSICA;ESTAGIÁRIOS;Saúde;MAIS SAUDE;Atenção Básica;Atenção Básica para Todos;Atenção Básica para Todos;3.3.90.36.07;DEPARTAMENTO MUNICIPAL DE SAÚDE;01;05;07;159;1;PREFEITURA MUNICIPAL DE PRADOPOLIS;0;Recursos nao Destinados a Contrapartida;01;TESOURO;00  ;Recursos Ordinarios;310;SAÚDE–GERAL;000;SAÚDE–GERAL;0;76503,24;ESTAGIÁRIOS;;;;;;10.301.1001.1035.0000;Atenção Básica para Todos;99,97;1.500;Recursos não Vinculados de Impostos (Exerc.Corrente);FISCAL;10;NÃO INFORMADO;NÃO INFORMADO;;;3.3.90.36.07;;310.000;SAÚDE–GERAL;0;0;0;3.3.90.36.00;OUTROS SERVIÇOS DE TERCEIROS - PESSOA FÍSICA;1002;
0;-1346,57;0;10;301;1001;1035;0000;0;0;1346,57;1346,57;1346,57;1346,57;1346,57;1346,57;02;PODER EXECUTIVO;0201;GABINETE DO PREFEITO;020105;3;DESPESAS CORRENTES;3;OUTRAS DESPESAS CORRENTES;90;APLICAÇÕES DIRETAS;36;OUTROS SERVIÇOS DE TERCEIROS - PESSOA FÍSICA;OUTROS SERVIÇOS DE PESSOA FÍSICA;Saúde;MAIS SAUDE;Atenção Básica;Atenção Básica para Todos;Atenção Básica para Todos;3.3.90.36.99;DEPARTAMENTO MUNICIPAL DE SAÚDE;01;05;99;159;1;PREFEITURA MUNICIPAL DE PRADOPOLIS;0;Recursos nao Destinados a Contrapartida;01;TESOURO;00  ;Recursos Ordinarios;310;SAÚDE–GERAL;000;SAÚDE–GERAL;0;0;OUTROS SERVIÇOS DE PESSOA FÍSICA;;;;;;10.301.1001.1035.0000;Atenção Básica para Todos;99,97;1.500;Recursos não Vinculados de Impostos (Exerc.Corrente);FISCAL;10;NÃO INFORMADO;NÃO INFORMADO;;;3.3.90.36.99;;310.000;SAÚDE–GERAL;0;0;0;3.3.90.36.00;OUTROS SERVIÇOS DE TERCEIROS - PESSOA FÍSICA;1002;
0;120000;120000;10;302;1001;1037;0000;120000;0;0;0;0;0;0;0;02;PODER EXECUTIVO;0201;GABINETE DO PREFEITO;020105;3;DESPESAS CORRENTES;3;OUTRAS DESPESAS CORRENTES;90;APLICAÇÕES DIRETAS;36;OUTROS SERVIÇOS DE TERCEIROS - PESSOA FÍSICA;OUTROS SERVIÇOS DE TERCEIROS - PESSOA FÍSICA;Saúde;MAIS SAUDE;Assistência  Hospitalar e Ambulatorial;Mais Exames, Mais Saúde;Mais Exames, Mais Saúde;3.3.90.36.00;DEPARTAMENTO MUNICIPAL DE SAÚDE;01;05;00;184;1;PREFEITURA MUNICIPAL DE PRADOPOLIS;0;Recursos nao Destinados a Contrapartida;01;TESOURO;00  ;Recursos Ordinarios;310;SAÚDE–GERAL;000;SAÚDE–GERAL;0;0;OUTROS SERVIÇOS DE TERCEIROS - PESSOA FÍSICA;;;;;;10.302.1001.1037.0000;Mais Exames, Mais Saúde;0;1.500;Recursos não Vinculados de Impostos (Exerc.Corrente);FISCAL;10;NÃO INFORMADO;NÃO INFORMADO;;;3.3.90.36.00;;310.000;SAÚDE–GERAL;0;0;0;3.3.90.36.00;OUTROS SERVIÇOS DE TERCEIROS - PESSOA FÍSICA;1002;
0;1;1;10;304;1001;1034;0000;1;0;0;0;0;0;0;0;02;PODER EXECUTIVO;0201;GABINETE DO PREFEITO;020105;3;DESPESAS CORRENTES;3;OUTRAS DESPESAS CORRENTES;90;APLICAÇÕES DIRETAS;36;OUTROS SERVIÇOS DE TERCEIROS - PESSOA FÍSICA;OUTROS SERVIÇOS DE TERCEIROS - PESSOA FÍSICA;Saúde;MAIS SAUDE;Vigilância Sanitária;Saúde Mais Perto;Saúde Mais Perto;3.3.90.36.00;DEPARTAMENTO MUNICIPAL DE SAÚDE;01;05;00;200;1;PREFEITURA MUNICIPAL DE PRADOPOLIS;0;Recursos nao Destinados a Contrapartida;01;TESOURO;00  ;Recursos Ordinarios;310;SAÚDE–GERAL;000;SAÚDE–GERAL;0;0;OUTROS SERVIÇOS DE TERCEIROS - PESSOA FÍSICA;;;;;;10.304.1001.1034.0000;Saúde Mais Perto;0;1.500;Recursos não Vinculados de Impostos (Exerc.Corrente);FISCAL;10;NÃO INFORMADO;NÃO INFORMADO;;;3.3.90.36.00;;310.000;SAÚDE–GERAL;0;0;0;3.3.90.36.00;OUTROS SERVIÇOS DE TERCEIROS - PESSOA FÍSICA;1002;
0;1;1;10;305;1001;1038;0000;1;0;0;0;0;0;0;0;02;PODER EXECUTIVO;0201;GABINETE DO PREFEITO;020105;3;DESPESAS CORRENTES;3;OUTRAS DESPESAS CORRENTES;90;APLICAÇÕES DIRETAS;36;OUTROS SERVIÇOS DE TERCEIROS - PESSOA FÍSICA;OUTROS SERVIÇOS DE TERCEIROS - PESSOA FÍSICA;Saúde;MAIS SAUDE;Vigilância Epidemiológica;Monitorar para Proteger;Monitorar para Proteger;3.3.90.36.00;DEPARTAMENTO MUNICIPAL DE SAÚDE;01;05;00;213;1;PREFEITURA MUNICIPAL DE PRADOPOLIS;0;Recursos nao Destinados a Contrapartida;01;TESOURO;00  ;Recursos Ordinarios;310;SAÚDE–GERAL;000;SAÚDE–GERAL;0;0;OUTROS SERVIÇOS DE TERCEIROS - PESSOA FÍSICA;;;;;;10.305.1001.1038.0000;Monitorar para Proteger;0;1.500;Recursos não Vinculados de Impostos (Exerc.Corrente);FISCAL;10;NÃO INFORMADO;NÃO INFORMADO;;;3.3.90.36.00;;310.000;SAÚDE–GERAL;0;0;0;3.3.90.36.00;OUTROS SERVIÇOS DE TERCEIROS - PESSOA FÍSICA;1002;
0;30000;30000;12;306;1002;1032;0000;30000;0;0;0;0;0;0;0;02;PODER EXECUTIVO;0201;GABINETE DO PREFEITO;020102;3;DESPESAS CORRENTES;3;OUTRAS DESPESAS CORRENTES;90;APLICAÇÕES DIRETAS;36;OUTROS SERVIÇOS DE TERCEIROS - PESSOA FÍSICA;OUTROS SERVIÇOS DE TERCEIROS - PESSOA FÍSICA;Educação;MAIS EDUCAÇÃO;Alimentação e Nutrição;Alimentação com dignidade e qualidade;Alimentação com dignidade e qualidade;3.3.90.36.00;DEPARTAMENTO MUNICIPAL DE EDUCAÇÃO;01;02;00;55;1;PREFEITURA MUNICIPAL DE PRADOPOLIS;0;Recursos nao Destinados a Contrapartida;01;TESOURO;00  ;Recursos Ordinarios;110;GERAL;000;GERAL;0;0;OUTROS SERVIÇOS DE TERCEIROS - PESSOA FÍSICA;;;;;;12.306.1002.1032.0000;Alimentação com dignidade e qualidade;10,2;1.500;Recursos não Vinculados de Impostos (Exerc.Corrente);FISCAL;10;PRÉ ESCOLA;NÃO INFORMADO;PE;;3.3.90.36.00;;110.000;GERAL;7601,36;3060;4541,36;3.3.90.36.00;OUTROS SERVIÇOS DE TERCEIROS - PESSOA FÍSICA;0;
3060;-3060;0;12;306;1002;1032;0000;0;0;3060;3060;0;0;0;0;02;PODER EXECUTIVO;0201;GABINETE DO PREFEITO;020102;3;DESPESAS CORRENTES;3;OUTRAS DESPESAS CORRENTES;90;APLICAÇÕES DIRETAS;36;OUTROS SERVIÇOS DE TERCEIROS - PESSOA FÍSICA;MANUTENÇÃO E CONSERVAÇÃO DE EQUIPAMENTOS;Educação;MAIS EDUCAÇÃO;Alimentação e Nutrição;Alimentação com dignidade e qualidade;Alimentação com dignidade e qualidade;3.3.90.36.18;DEPARTAMENTO MUNICIPAL DE EDUCAÇÃO;01;02;18;55;1;PREFEITURA MUNICIPAL DE PRADOPOLIS;0;Recursos nao Destinados a Contrapartida;01;TESOURO;00  ;Recursos Ordinarios;110;GERAL;000;GERAL;0;3060;MANUTENÇÃO E CONSERVAÇÃO DE EQUIPAMENTOS;;;;;;12.306.1002.1032.0000;Alimentação com dignidade e qualidade;10,2;1.500;Recursos não Vinculados de Impostos (Exerc.Corrente);FISCAL;10;PRÉ ESCOLA;NÃO INFORMADO;PE;;3.3.90.36.99;;110.000;GERAL;0;0;0;3.3.90.36.00;OUTROS SERVIÇOS DE TERCEIROS - PESSOA FÍSICA;0;
0;1000000;1000000;12;361;1002;1026;0000;1000000;0;0;0;0;0;0;0;02;PODER EXECUTIVO;0201;GABINETE DO PREFEITO;020102;3;DESPESAS CORRENTES;3;OUTRAS DESPESAS CORRENTES;90;APLICAÇÕES DIRETAS;36;OUTROS SERVIÇOS DE TERCEIROS - PESSOA FÍSICA;OUTROS SERVIÇOS DE TERCEIROS - PESSOA FÍSICA;Educação;MAIS EDUCAÇÃO;Ensino Fundamental;Avança Mais: Reforço e Recuperação da Aprendizagem;Avança Mais: Reforço e Recuperação da Aprendizagem;3.3.90.36.00;DEPARTAMENTO MUNICIPAL DE EDUCAÇÃO;01;02;00;69;1;PREFEITURA MUNICIPAL DE PRADOPOLIS;0;Recursos nao Destinados a Contrapartida;01;TESOURO;00  ;Recursos Ordinarios;200;EDUCAÇÃO;001;EDUCACAO 25%;0;0;OUTROS SERVIÇOS DE TERCEIROS - PESSOA FÍSICA;;;;;;12.361.1002.1026.0000;Avança Mais: Reforço e Recuperação da Aprendizagem;90,43;1.500;Recursos não Vinculados de Impostos (Exerc.Corrente);FISCAL;10;NÃO INFORMADO;NÃO INFORMADO;;;3.3.90.36.00;;200.001;EDUCACAO 25%;0;0;0;3.3.90.36.00;OUTROS SERVIÇOS DE TERCEIROS - PESSOA FÍSICA;1001;
0;-630;0;12;361;1002;1026;0000;0;0;630;630;630;630;630;630;02;PODER EXECUTIVO;0201;GABINETE DO PREFEITO;020102;3;DESPESAS CORRENTES;3;OUTRAS DESPESAS CORRENTES;90;APLICAÇÕES DIRETAS;36;OUTROS SERVIÇOS DE TERCEIROS - PESSOA FÍSICA;DIÁRIAS A COLABORADORES EVENTUAIS NO PAÍS;Educação;MAIS EDUCAÇÃO;Ensino Fundamental;Avança Mais: Reforço e Recuperação da Aprendizagem;Avança Mais: Reforço e Recuperação da Aprendizagem;3.3.90.36.02;DEPARTAMENTO MUNICIPAL DE EDUCAÇÃO;01;02;02;69;1;PREFEITURA MUNICIPAL DE PRADOPOLIS;0;Recursos nao Destinados a Contrapartida;01;TESOURO;00  ;Recursos Ordinarios;200;EDUCAÇÃO;001;EDUCACAO 25%;0;0;DIÁRIAS A COLABORADORES EVENTUAIS NO PAÍS;;;;;;12.361.1002.1026.0000;Avança Mais: Reforço e Recuperação da Aprendizagem;90,43;1.500;Recursos não Vinculados de Impostos (Exerc.Corrente);FISCAL;10;NÃO INFORMADO;NÃO INFORMADO;;;3.3.90.36.99;;200.001;EDUCACAO 25%;0;0;0;3.3.90.36.00;OUTROS SERVIÇOS DE TERCEIROS - PESSOA FÍSICA;1001;
331416,01;-538265,52;0;12;361;1002;1026;0000;0;0;538265,52;538265,52;206849,51;206849,51;206849,51;206849,51;02;PODER EXECUTIVO;0201;GABINETE DO PREFEITO;020102;3;DESPESAS CORRENTES;3;OUTRAS DESPESAS CORRENTES;90;APLICAÇÕES DIRETAS;36;OUTROS SERVIÇOS DE TERCEIROS - PESSOA FÍSICA;ESTAGIÁRIOS;Educação;MAIS EDUCAÇÃO;Ensino Fundamental;Avança Mais: Reforço e Recuperação da Aprendizagem;Avança Mais: Reforço e Recuperação da Aprendizagem;3.3.90.36.07;DEPARTAMENTO MUNICIPAL DE EDUCAÇÃO;01;02;07;69;1;PREFEITURA MUNICIPAL DE PRADOPOLIS;0;Recursos nao Destinados a Contrapartida;01;TESOURO;00  ;Recursos Ordinarios;200;EDUCAÇÃO;001;EDUCACAO 25%;0;331416,01;ESTAGIÁRIOS;;;;;;12.361.1002.1026.0000;Avança Mais: Reforço e Recuperação da Aprendizagem;90,43;1.500;Recursos não Vinculados de Impostos (Exerc.Corrente);FISCAL;10;NÃO INFORMADO;NÃO INFORMADO;;;3.3.90.36.07;;200.001;EDUCACAO 25%;0;0;0;3.3.90.36.00;OUTROS SERVIÇOS DE TERCEIROS - PESSOA FÍSICA;1001;
264417,2;-357297,89;0;12;361;1002;1026;0000;0;0;357297,89;357297,89;92880,69;92880,69;92880,69;92880,69;02;PODER EXECUTIVO;0201;GABINETE DO PREFEITO;020102;3;DESPESAS CORRENTES;3;OUTRAS DESPESAS CORRENTES;90;APLICAÇÕES DIRETAS;36;OUTROS SERVIÇOS DE TERCEIROS - PESSOA FÍSICA;FRETES E TRANSPORTES DE ENCOMENDAS;Educação;MAIS EDUCAÇÃO;Ensino Fundamental;Avança Mais: Reforço e Recuperação da Aprendizagem;Avança Mais: Reforço e Recuperação da Aprendizagem;3.3.90.36.39;DEPARTAMENTO MUNICIPAL DE EDUCAÇÃO;01;02;39;69;1;PREFEITURA MUNICIPAL DE PRADOPOLIS;0;Recursos nao Destinados a Contrapartida;01;TESOURO;00  ;Recursos Ordinarios;200;EDUCAÇÃO;001;EDUCACAO 25%;0;264417,2;FRETES E TRANSPORTES DE ENCOMENDAS;;;;;;12.361.1002.1026.0000;Avança Mais: Reforço e Recuperação da Aprendizagem;90,43;1.500;Recursos não Vinculados de Impostos (Exerc.Corrente);FISCAL;10;NÃO INFORMADO;NÃO INFORMADO;;;3.3.90.36.99;;200.001;EDUCACAO 25%;0;0;0;3.3.90.36.00;OUTROS SERVIÇOS DE TERCEIROS - PESSOA FÍSICA;1001;
0;-8097,14;0;12;361;1002;1026;0000;0;0;8097,14;8097,14;8097,14;8097,14;8097,14;8097,14;02;PODER EXECUTIVO;0201;GABINETE DO PREFEITO;020102;3;DESPESAS CORRENTES;3;OUTRAS DESPESAS CORRENTES;90;APLICAÇÕES DIRETAS;36;OUTROS SERVIÇOS DE TERCEIROS - PESSOA FÍSICA;OUTROS SERVIÇOS DE PESSOA FÍSICA;Educação;MAIS EDUCAÇÃO;Ensino Fundamental;Avança Mais: Reforço e Recuperação da Aprendizagem;Avança Mais: Reforço e Recuperação da Aprendizagem;3.3.90.36.99;DEPARTAMENTO MUNICIPAL DE EDUCAÇÃO;01;02;99;69;1;PREFEITURA MUNICIPAL DE PRADOPOLIS;0;Recursos nao Destinados a Contrapartida;01;TESOURO;00  ;Recursos Ordinarios;200;EDUCAÇÃO;001;EDUCACAO 25%;0;0;OUTROS SERVIÇOS DE PESSOA FÍSICA;;;;;;12.361.1002.1026.0000;Avança Mais: Reforço e Recuperação da Aprendizagem;90,43;1.500;Recursos não Vinculados de Impostos (Exerc.Corrente);FISCAL;10;NÃO INFORMADO;NÃO INFORMADO;;;3.3.90.36.99;;200.001;EDUCACAO 25%;0;0;0;3.3.90.36.00;OUTROS SERVIÇOS DE TERCEIROS - PESSOA FÍSICA;1001;
0;15001;15001;13;392;1012;1020;0000;1;15000;0;0;0;0;0;0;02;PODER EXECUTIVO;0201;GABINETE DO PREFEITO;020103;3;DESPESAS CORRENTES;3;OUTRAS DESPESAS CORRENTES;90;APLICAÇÕES DIRETAS;36;OUTROS SERVIÇOS DE TERCEIROS - PESSOA FÍSICA;OUTROS SERVIÇOS DE TERCEIROS - PESSOA FÍSICA;Cultura;MAIS CULTURA;Difusão Cultural;Promover, organizar e apoiar eventos culturais e festejos tr;Promover, organizar e apoiar eventos culturais e festejos tr;3.3.90.36.00;DEPARTAMENTO MUNICIPAL DE CULTURA E TURISMO;01;03;00;117;1;PREFEITURA MUNICIPAL DE PRADOPOLIS;0;Recursos nao Destinados a Contrapartida;01;TESOURO;00  ;Recursos Ordinarios;110;GERAL;000;GERAL;0;0;OUTROS SERVIÇOS DE TERCEIROS - PESSOA FÍSICA;15000;0;15000;;;13.392.1012.1020.0000;Promover, organizar e apoiar eventos culturais e festejos tradicionais que fortaleçam a identidade cultural do município;45,77;1.500;Recursos não Vinculados de Impostos (Exerc.Corrente);FISCAL;10;NÃO INFORMADO;NÃO INFORMADO;;;3.3.90.36.00;;110.000;GERAL;0;0;0;3.3.90.36.00;OUTROS SERVIÇOS DE TERCEIROS - PESSOA FÍSICA;0;
3076,14;-6866,39;0;13;392;1012;1020;0000;0;0;6866,39;6866,39;3790,25;3790,25;3790,25;3790,25;02;PODER EXECUTIVO;0201;GABINETE DO PREFEITO;020103;3;DESPESAS CORRENTES;3;OUTRAS DESPESAS CORRENTES;90;APLICAÇÕES DIRETAS;36;OUTROS SERVIÇOS DE TERCEIROS - PESSOA FÍSICA;ESTAGIÁRIOS;Cultura;MAIS CULTURA;Difusão Cultural;Promover, organizar e apoiar eventos culturais e festejos tr;Promover, organizar e apoiar eventos culturais e festejos tr;3.3.90.36.07;DEPARTAMENTO MUNICIPAL DE CULTURA E TURISMO;01;03;07;117;1;PREFEITURA MUNICIPAL DE PRADOPOLIS;0;Recursos nao Destinados a Contrapartida;01;TESOURO;00  ;Recursos Ordinarios;110;GERAL;000;GERAL;0;3076,14;ESTAGIÁRIOS;;;;;;13.392.1012.1020.0000;Promover, organizar e apoiar eventos culturais e festejos tradicionais que fortaleçam a identidade cultural do município;45,77;1.500;Recursos não Vinculados de Impostos (Exerc.Corrente);FISCAL;10;NÃO INFORMADO;NÃO INFORMADO;;;3.3.90.36.07;;110.000;GERAL;0;0;0;3.3.90.36.00;OUTROS SERVIÇOS DE TERCEIROS - PESSOA FÍSICA;0;
0;100000;100000;15;452;1006;1008;0000;100000;0;0;0;0;0;0;0;02;PODER EXECUTIVO;0201;GABINETE DO PREFEITO;020110;3;DESPESAS CORRENTES;3;OUTRAS DESPESAS CORRENTES;90;APLICAÇÕES DIRETAS;36;OUTROS SERVIÇOS DE TERCEIROS - PESSOA FÍSICA;OUTROS SERVIÇOS DE TERCEIROS - PESSOA FÍSICA;Urbanismo;MAIS SEGURANÇA NO TRANSITO INFRAESTRUTURA E ZELADORIA URBANA;Serviços  Urbanos;MOBILIDADE COM QUALIDADE;MOBILIDADE COM QUALIDADE;3.3.90.36.00;DEPARTAMENTO DE SERVIÇOS PÚBLICOS;01;10;00;300;1;PREFEITURA MUNICIPAL DE PRADOPOLIS;0;Recursos nao Destinados a Contrapartida;01;TESOURO;00  ;Recursos Ordinarios;110;GERAL;000;GERAL;0;0;OUTROS SERVIÇOS DE TERCEIROS - PESSOA FÍSICA;;;;;;15.452.1006.1008.0000;MOBILIDADE COM QUALIDADE;21,83;1.500;Recursos não Vinculados de Impostos (Exerc.Corrente);FISCAL;10;NÃO INFORMADO;NÃO INFORMADO;;;3.3.90.36.00;;110.000;GERAL;0;0;0;3.3.90.36.00;OUTROS SERVIÇOS DE TERCEIROS - PESSOA FÍSICA;0;
0;-712,9;0;15;452;1006;1008;0000;0;0;712,9;712,9;712,9;712,9;712,9;712,9;02;PODER EXECUTIVO;0201;GABINETE DO PREFEITO;020110;3;DESPESAS CORRENTES;3;OUTRAS DESPESAS CORRENTES;90;APLICAÇÕES DIRETAS;36;OUTROS SERVIÇOS DE TERCEIROS - PESSOA FÍSICA;ESTAGIÁRIOS;Urbanismo;MAIS SEGURANÇA NO TRANSITO INFRAESTRUTURA E ZELADORIA URBANA;Serviços  Urbanos;MOBILIDADE COM QUALIDADE;MOBILIDADE COM QUALIDADE;3.3.90.36.07;DEPARTAMENTO DE SERVIÇOS PÚBLICOS;01;10;07;300;1;PREFEITURA MUNICIPAL DE PRADOPOLIS;0;Recursos nao Destinados a Contrapartida;01;TESOURO;00  ;Recursos Ordinarios;110;GERAL;000;GERAL;0;0;ESTAGIÁRIOS;;;;;;15.452.1006.1008.0000;MOBILIDADE COM QUALIDADE;21,83;1.500;Recursos não Vinculados de Impostos (Exerc.Corrente);FISCAL;10;NÃO INFORMADO;NÃO INFORMADO;;;3.3.90.36.07;;110.000;GERAL;0;0;0;3.3.90.36.00;OUTROS SERVIÇOS DE TERCEIROS - PESSOA FÍSICA;0;
14080;-21120;0;15;452;1006;1008;0000;0;0;21120;21120;21120;21120;7040;7040;02;PODER EXECUTIVO;0201;GABINETE DO PREFEITO;020110;3;DESPESAS CORRENTES;3;OUTRAS DESPESAS CORRENTES;90;APLICAÇÕES DIRETAS;36;OUTROS SERVIÇOS DE TERCEIROS - PESSOA FÍSICA;PRÓ-LABORE A CONSULTORES EVENTUAIS;Urbanismo;MAIS SEGURANÇA NO TRANSITO INFRAESTRUTURA E ZELADORIA URBANA;Serviços  Urbanos;MOBILIDADE COM QUALIDADE;MOBILIDADE COM QUALIDADE;3.3.90.36.11;DEPARTAMENTO DE SERVIÇOS PÚBLICOS;01;10;11;300;1;PREFEITURA MUNICIPAL DE PRADOPOLIS;0;Recursos nao Destinados a Contrapartida;01;TESOURO;00  ;Recursos Ordinarios;110;GERAL;000;GERAL;14080;0;PRÓ-LABORE A CONSULTORES EVENTUAIS;;;;;;15.452.1006.1008.0000;MOBILIDADE COM QUALIDADE;21,83;1.500;Recursos não Vinculados de Impostos (Exerc.Corrente);FISCAL;10;NÃO INFORMADO;NÃO INFORMADO;;;3.3.90.36.99;;110.000;GERAL;0;0;0;3.3.90.36.00;OUTROS SERVIÇOS DE TERCEIROS - PESSOA FÍSICA;0;
0;150001;150001;17;512;1006;1010;0000;1;150000;0;0;0;0;0;0;02;PODER EXECUTIVO;0201;GABINETE DO PREFEITO;020108;3;DESPESAS CORRENTES;3;OUTRAS DESPESAS CORRENTES;90;APLICAÇÕES DIRETAS;36;OUTROS SERVIÇOS DE TERCEIROS - PESSOA FÍSICA;OUTROS SERVIÇOS DE TERCEIROS - PESSOA FÍSICA;Saneamento;MAIS SEGURANÇA NO TRANSITO INFRAESTRUTURA E ZELADORIA URBANA;Saneamento Básico Urbano;ACESSO À ÁGUA E SANEAMENTO;ACESSO À ÁGUA E SANEAMENTO;3.3.90.36.00;DEPARTAMENTO MUNICIPAL DE PLANEJAMENTO URBANO, OBRAS, SANEAM;01;08;00;276;1;PREFEITURA MUNICIPAL DE PRADOPOLIS;0;Recursos nao Destinados a Contrapartida;01;TESOURO;00  ;Recursos Ordinarios;110;GERAL;000;GERAL;0;0;OUTROS SERVIÇOS DE TERCEIROS - PESSOA FÍSICA;150000;0;150000;;;17.512.1006.1010.0000;ACESSO À ÁGUA E SANEAMENTO;7,44;1.500;Recursos não Vinculados de Impostos (Exerc.Corrente);FISCAL;10;NÃO INFORMADO;NÃO INFORMADO;;;3.3.90.36.00;;110.000;GERAL;0;0;0;3.3.90.36.00;OUTROS SERVIÇOS DE TERCEIROS - PESSOA FÍSICA;0;
4749,29;-11153,49;0;17;512;1006;1010;0000;0;0;11153,49;11153,49;6404,2;6404,2;6404,2;6404,2;02;PODER EXECUTIVO;0201;GABINETE DO PREFEITO;020108;3;DESPESAS CORRENTES;3;OUTRAS DESPESAS CORRENTES;90;APLICAÇÕES DIRETAS;36;OUTROS SERVIÇOS DE TERCEIROS - PESSOA FÍSICA;ESTAGIÁRIOS;Saneamento;MAIS SEGURANÇA NO TRANSITO INFRAESTRUTURA E ZELADORIA URBANA;Saneamento Básico Urbano;ACESSO À ÁGUA E SANEAMENTO;ACESSO À ÁGUA E SANEAMENTO;3.3.90.36.07;DEPARTAMENTO MUNICIPAL DE PLANEJAMENTO URBANO, OBRAS, SANEAM;01;08;07;276;1;PREFEITURA MUNICIPAL DE PRADOPOLIS;0;Recursos nao Destinados a Contrapartida;01;TESOURO;00  ;Recursos Ordinarios;110;GERAL;000;GERAL;0;4749,29;ESTAGIÁRIOS;;;;;;17.512.1006.1010.0000;ACESSO À ÁGUA E SANEAMENTO;7,44;1.500;Recursos não Vinculados de Impostos (Exerc.Corrente);FISCAL;10;NÃO INFORMADO;NÃO INFORMADO;;;3.3.90.36.07;;110.000;GERAL;0;0;0;3.3.90.36.00;OUTROS SERVIÇOS DE TERCEIROS - PESSOA FÍSICA;0;
0;105000;105000;26;453;1006;1012;0000;105000;0;0;0;0;0;0;0;02;PODER EXECUTIVO;0201;GABINETE DO PREFEITO;020109;3;DESPESAS CORRENTES;3;OUTRAS DESPESAS CORRENTES;90;APLICAÇÕES DIRETAS;36;OUTROS SERVIÇOS DE TERCEIROS - PESSOA FÍSICA;OUTROS SERVIÇOS DE TERCEIROS - PESSOA FÍSICA;Transporte;MAIS SEGURANÇA NO TRANSITO INFRAESTRUTURA E ZELADORIA URBANA;Transportes Coletivos Urbanos;GESTAO PREVENTIVA E ECONOMICA DA FROTA;GESTAO PREVENTIVA E ECONOMICA DA FROTA;3.3.90.36.00;DEPARTAMENTO MUNICIPAL DE TRANSPORTES E TRÂNSITO;01;09;00;286;1;PREFEITURA MUNICIPAL DE PRADOPOLIS;0;Recursos nao Destinados a Contrapartida;01;TESOURO;00  ;Recursos Ordinarios;110;GERAL;000;GERAL;0;0;OUTROS SERVIÇOS DE TERCEIROS - PESSOA FÍSICA;;;;;;26.453.1006.1012.0000;GESTAO PREVENTIVA E ECONOMICA DA FROTA;38,1;1.500;Recursos não Vinculados de Impostos (Exerc.Corrente);FISCAL;10;NÃO INFORMADO;NÃO INFORMADO;;;3.3.90.36.00;;110.000;GERAL;0;0;0;3.3.90.36.00;OUTROS SERVIÇOS DE TERCEIROS - PESSOA FÍSICA;0;
22597,39;-40000;0;26;453;1006;1012;0000;0;0;40000;40000;17402,61;17402,61;17402,61;17402,61;02;PODER EXECUTIVO;0201;GABINETE DO PREFEITO;020109;3;DESPESAS CORRENTES;3;OUTRAS DESPESAS CORRENTES;90;APLICAÇÕES DIRETAS;36;OUTROS SERVIÇOS DE TERCEIROS - PESSOA FÍSICA;ESTAGIÁRIOS;Transporte;MAIS SEGURANÇA NO TRANSITO INFRAESTRUTURA E ZELADORIA URBANA;Transportes Coletivos Urbanos;GESTAO PREVENTIVA E ECONOMICA DA FROTA;GESTAO PREVENTIVA E ECONOMICA DA FROTA;3.3.90.36.07;DEPARTAMENTO MUNICIPAL DE TRANSPORTES E TRÂNSITO;01;09;07;286;1;PREFEITURA MUNICIPAL DE PRADOPOLIS;0;Recursos nao Destinados a Contrapartida;01;TESOURO;00  ;Recursos Ordinarios;110;GERAL;000;GERAL;0;22597,39;ESTAGIÁRIOS;;;;;;26.453.1006.1012.0000;GESTAO PREVENTIVA E ECONOMICA DA FROTA;38,1;1.500;Recursos não Vinculados de Impostos (Exerc.Corrente);FISCAL;10;NÃO INFORMADO;NÃO INFORMADO;;;3.3.90.36.07;;110.000;GERAL;0;0;0;3.3.90.36.00;OUTROS SERVIÇOS DE TERCEIROS - PESSOA FÍSICA;0;
0;51000;51000;27;812;1011;1018;0000;51000;0;0;0;0;0;0;0;02;PODER EXECUTIVO;0201;GABINETE DO PREFEITO;020104;3;DESPESAS CORRENTES;3;OUTRAS DESPESAS CORRENTES;90;APLICAÇÕES DIRETAS;36;OUTROS SERVIÇOS DE TERCEIROS - PESSOA FÍSICA;OUTROS SERVIÇOS DE TERCEIROS - PESSOA FÍSICA;Desporto e Lazer;MAIS ESPORTE, LAZER E TURISMO;Desporto Comunitário;ATENDIMENTO MEDIO SOMANDO TODAS AS  MODALIDADES ESPORTIVAS;ATENDIMENTO MEDIO SOMANDO TODAS AS  MODALIDADES ESPORTIVAS;3.3.90.36.00;DEPARTAMENTO MUNICIPAL DE ESPORTES E LAZER;01;04;00;129;1;PREFEITURA MUNICIPAL DE PRADOPOLIS;0;Recursos nao Destinados a Contrapartida;01;TESOURO;00  ;Recursos Ordinarios;110;GERAL;000;GERAL;0;0;OUTROS SERVIÇOS DE TERCEIROS - PESSOA FÍSICA;;;;;;27.812.1011.1018.0000;ATENDIMENTO MEDIO SOMANDO TODAS AS  MODALIDADES ESPORTIVAS;99,69;1.500;Recursos não Vinculados de Impostos (Exerc.Corrente);FISCAL;10;NÃO INFORMADO;NÃO INFORMADO;;;3.3.90.36.00;;110.000;GERAL;0;0;0;3.3.90.36.00;OUTROS SERVIÇOS DE TERCEIROS - PESSOA FÍSICA;0;
26457,08;-50841,65;0;27;812;1011;1018;0000;0;0;50841,65;50841,65;24384,57;24384,57;24384,57;24384,57;02;PODER EXECUTIVO;0201;GABINETE DO PREFEITO;020104;3;DESPESAS CORRENTES;3;OUTRAS DESPESAS CORRENTES;90;APLICAÇÕES DIRETAS;36;OUTROS SERVIÇOS DE TERCEIROS - PESSOA FÍSICA;ESTAGIÁRIOS;Desporto e Lazer;MAIS ESPORTE, LAZER E TURISMO;Desporto Comunitário;ATENDIMENTO MEDIO SOMANDO TODAS AS  MODALIDADES ESPORTIVAS;ATENDIMENTO MEDIO SOMANDO TODAS AS  MODALIDADES ESPORTIVAS;3.3.90.36.07;DEPARTAMENTO MUNICIPAL DE ESPORTES E LAZER;01;04;07;129;1;PREFEITURA MUNICIPAL DE PRADOPOLIS;0;Recursos nao Destinados a Contrapartida;01;TESOURO;00  ;Recursos Ordinarios;110;GERAL;000;GERAL;0;26457,08;ESTAGIÁRIOS;;;;;;27.812.1011.1018.0000;ATENDIMENTO MEDIO SOMANDO TODAS AS  MODALIDADES ESPORTIVAS;99,69;1.500;Recursos não Vinculados de Impostos (Exerc.Corrente);FISCAL;10;NÃO INFORMADO;NÃO INFORMADO;;;3.3.90.36.07;;110.000;GERAL;0;0;0;3.3.90.36.00;OUTROS SERVIÇOS DE TERCEIROS - PESSOA FÍSICA;0;
0;5501;5501;10;301;1001;1035;0000;1;5500;0;0;0;0;0;0;02;PODER EXECUTIVO;0201;GABINETE DO PREFEITO;020105;3;DESPESAS CORRENTES;3;OUTRAS DESPESAS CORRENTES;90;APLICAÇÕES DIRETAS;36;OUTROS SERVIÇOS DE TERCEIROS - PESSOA FÍSICA;OUTROS SERVIÇOS DE TERCEIROS - PESSOA FÍSICA;Saúde;MAIS SAUDE;Atenção Básica;Atenção Básica para Todos;Atenção Básica para Todos;3.3.90.36.00;DEPARTAMENTO MUNICIPAL DE SAÚDE;01;05;00;160;1;PREFEITURA MUNICIPAL DE PRADOPOLIS;0;Recursos nao Destinados a Contrapartida;02;TRANSFERÊNCIAS E CONVÊNIOS ESTADUAIS-VINCULADOS;00  ;Recursos Ordinarios;300;SAÚDE;000;SAÚDE-Convênios/entidades/fundos;0;0;OUTROS SERVIÇOS DE TERCEIROS - PESSOA FÍSICA;5500;0;5500;;;10.301.1001.1035.0000;Atenção Básica para Todos;99,98;1.621;Transferências Fundo a Fundo de Recursos do SUS provenientes do Governo Estadual (Exerc.Corrente);FISCAL;10;NÃO INFORMADO;NÃO INFORMADO;;;3.3.90.36.00;;300.000;SAÚDE-Convênios/entidades/fundos;0;0;0;3.3.90.36.00;OUTROS SERVIÇOS DE TERCEIROS - PESSOA FÍSICA;0;
5500;-5500;0;10;301;1001;1035;0000;0;0;5500;5500;5500;5500;0;0;02;PODER EXECUTIVO;0201;GABINETE DO PREFEITO;020105;3;DESPESAS CORRENTES;3;OUTRAS DESPESAS CORRENTES;90;APLICAÇÕES DIRETAS;36;OUTROS SERVIÇOS DE TERCEIROS - PESSOA FÍSICA;OUTROS SERVIÇOS DE PESSOA FÍSICA;Saúde;MAIS SAUDE;Atenção Básica;Atenção Básica para Todos;Atenção Básica para Todos;3.3.90.36.99;DEPARTAMENTO MUNICIPAL DE SAÚDE;01;05;99;160;1;PREFEITURA MUNICIPAL DE PRADOPOLIS;0;Recursos nao Destinados a Contrapartida;02;TRANSFERÊNCIAS E CONVÊNIOS ESTADUAIS-VINCULADOS;00  ;Recursos Ordinarios;301;ATENÇÃO BÁSICA;029;IGM SUS PAULISTA;5500;0;OUTROS SERVIÇOS DE PESSOA FÍSICA;;;;;;10.301.1001.1035.0000;Atenção Básica para Todos;99,98;1.621;Transferências Fundo a Fundo de Recursos do SUS provenientes do Governo Estadual (Exerc.Corrente);FISCAL;10;NÃO INFORMADO;NÃO INFORMADO;;;3.3.90.36.99;;301.029;IGM SUS PAULISTA;0;0;0;3.3.90.36.00;OUTROS SERVIÇOS DE TERCEIROS - PESSOA FÍSICA;0;
0;1;1;10;302;1001;1037;0000;1;0;0;0;0;0;0;0;02;PODER EXECUTIVO;0201;GABINETE DO PREFEITO;020105;3;DESPESAS CORRENTES;3;OUTRAS DESPESAS CORRENTES;90;APLICAÇÕES DIRETAS;36;OUTROS SERVIÇOS DE TERCEIROS - PESSOA FÍSICA;OUTROS SERVIÇOS DE TERCEIROS - PESSOA FÍSICA;Saúde;MAIS SAUDE;Assistência  Hospitalar e Ambulatorial;Mais Exames, Mais Saúde;Mais Exames, Mais Saúde;3.3.90.36.00;DEPARTAMENTO MUNICIPAL DE SAÚDE;01;05;00;185;1;PREFEITURA MUNICIPAL DE PRADOPOLIS;0;Recursos nao Destinados a Contrapartida;02;TRANSFERÊNCIAS E CONVÊNIOS ESTADUAIS-VINCULADOS;00  ;Recursos Ordinarios;300;SAÚDE;000;SAÚDE-Convênios/entidades/fundos;0;0;OUTROS SERVIÇOS DE TERCEIROS - PESSOA FÍSICA;;;;;;10.302.1001.1037.0000;Mais Exames, Mais Saúde;0;1.621;Transferências Fundo a Fundo de Recursos do SUS provenientes do Governo Estadual (Exerc.Corrente);FISCAL;10;NÃO INFORMADO;NÃO INFORMADO;;;3.3.90.36.00;;300.000;SAÚDE-Convênios/entidades/fundos;0;0;0;3.3.90.36.00;OUTROS SERVIÇOS DE TERCEIROS - PESSOA FÍSICA;0;
0;1;1;10;305;1001;1038;0000;1;0;0;0;0;0;0;0;02;PODER EXECUTIVO;0201;GABINETE DO PREFEITO;020105;3;DESPESAS CORRENTES;3;OUTRAS DESPESAS CORRENTES;90;APLICAÇÕES DIRETAS;36;OUTROS SERVIÇOS DE TERCEIROS - PESSOA FÍSICA;OUTROS SERVIÇOS DE TERCEIROS - PESSOA FÍSICA;Saúde;MAIS SAUDE;Vigilância Epidemiológica;Monitorar para Proteger;Monitorar para Proteger;3.3.90.36.00;DEPARTAMENTO MUNICIPAL DE SAÚDE;01;05;00;214;1;PREFEITURA MUNICIPAL DE PRADOPOLIS;0;Recursos nao Destinados a Contrapartida;02;TRANSFERÊNCIAS E CONVÊNIOS ESTADUAIS-VINCULADOS;00  ;Recursos Ordinarios;300;SAÚDE;000;SAÚDE-Convênios/entidades/fundos;0;0;OUTROS SERVIÇOS DE TERCEIROS - PESSOA FÍSICA;;;;;;10.305.1001.1038.0000;Monitorar para Proteger;0;1.621;Transferências Fundo a Fundo de Recursos do SUS provenientes do Governo Estadual (Exerc.Corrente);FISCAL;10;NÃO INFORMADO;NÃO INFORMADO;;;3.3.90.36.00;;300.000;SAÚDE-Convênios/entidades/fundos;0;0;0;3.3.90.36.00;OUTROS SERVIÇOS DE TERCEIROS - PESSOA FÍSICA;0;
0;1;1;10;301;1001;1035;0000;1;0;0;0;0;0;0;0;02;PODER EXECUTIVO;0201;GABINETE DO PREFEITO;020105;3;DESPESAS CORRENTES;3;OUTRAS DESPESAS CORRENTES;90;APLICAÇÕES DIRETAS;36;OUTROS SERVIÇOS DE TERCEIROS - PESSOA FÍSICA;OUTROS SERVIÇOS DE TERCEIROS - PESSOA FÍSICA;Saúde;MAIS SAUDE;Atenção Básica;Atenção Básica para Todos;Atenção Básica para Todos;3.3.90.36.00;DEPARTAMENTO MUNICIPAL DE SAÚDE;01;05;00;161;1;PREFEITURA MUNICIPAL DE PRADOPOLIS;0;Recursos nao Destinados a Contrapartida;05;TRANSFERÊNCIAS E CONVÊNIOS FEDERAIS-VINCULADOS;00  ;Recursos Ordinarios;300;SAÚDE;000;SAÚDE-Convênios/entidades/fundos;0;0;OUTROS SERVIÇOS DE TERCEIROS - PESSOA FÍSICA;;;;;;10.301.1001.1035.0000;Atenção Básica para Todos;0;1.600;Transf.Fundo a Fundo de Recursos do SUS provenientes do Governo Federal - Bloco de Manutenção das Ações e Serviços Públicos de Saúde (Exerc.Corrente);FISCAL;10;NÃO INFORMADO;NÃO INFORMADO;;;3.3.90.36.00;;300.000;SAÚDE-Convênios/entidades/fundos;0;0;0;3.3.90.36.00;OUTROS SERVIÇOS DE TERCEIROS - PESSOA FÍSICA;0;
0;1;1;10;302;1001;1037;0000;1;0;0;0;0;0;0;0;02;PODER EXECUTIVO;0201;GABINETE DO PREFEITO;020105;3;DESPESAS CORRENTES;3;OUTRAS DESPESAS CORRENTES;90;APLICAÇÕES DIRETAS;36;OUTROS SERVIÇOS DE TERCEIROS - PESSOA FÍSICA;OUTROS SERVIÇOS DE TERCEIROS - PESSOA FÍSICA;Saúde;MAIS SAUDE;Assistência  Hospitalar e Ambulatorial;Mais Exames, Mais Saúde;Mais Exames, Mais Saúde;3.3.90.36.00;DEPARTAMENTO MUNICIPAL DE SAÚDE;01;05;00;186;1;PREFEITURA MUNICIPAL DE PRADOPOLIS;0;Recursos nao Destinados a Contrapartida;05;TRANSFERÊNCIAS E CONVÊNIOS FEDERAIS-VINCULADOS;00  ;Recursos Ordinarios;300;SAÚDE;000;SAÚDE-Convênios/entidades/fundos;0;0;OUTROS SERVIÇOS DE TERCEIROS - PESSOA FÍSICA;;;;;;10.302.1001.1037.0000;Mais Exames, Mais Saúde;0;1.600;Transf.Fundo a Fundo de Recursos do SUS provenientes do Governo Federal - Bloco de Manutenção das Ações e Serviços Públicos de Saúde (Exerc.Corrente);FISCAL;10;NÃO INFORMADO;NÃO INFORMADO;;;3.3.90.36.00;;300.000;SAÚDE-Convênios/entidades/fundos;0;0;0;3.3.90.36.00;OUTROS SERVIÇOS DE TERCEIROS - PESSOA FÍSICA;0;
0;30000;30000;10;304;1001;1034;0000;60000;-30000;0;0;0;0;0;0;02;PODER EXECUTIVO;0201;GABINETE DO PREFEITO;020105;3;DESPESAS CORRENTES;3;OUTRAS DESPESAS CORRENTES;90;APLICAÇÕES DIRETAS;36;OUTROS SERVIÇOS DE TERCEIROS - PESSOA FÍSICA;OUTROS SERVIÇOS DE TERCEIROS - PESSOA FÍSICA;Saúde;MAIS SAUDE;Vigilância Sanitária;Saúde Mais Perto;Saúde Mais Perto;3.3.90.36.00;DEPARTAMENTO MUNICIPAL DE SAÚDE;01;05;00;201;1;PREFEITURA MUNICIPAL DE PRADOPOLIS;0;Recursos nao Destinados a Contrapartida;05;TRANSFERÊNCIAS E CONVÊNIOS FEDERAIS-VINCULADOS;00  ;Recursos Ordinarios;300;SAÚDE;000;SAÚDE-Convênios/entidades/fundos;0;0;OUTROS SERVIÇOS DE TERCEIROS - PESSOA FÍSICA;0;30000;-30000;;;10.304.1001.1034.0000;Saúde Mais Perto;0;1.600;Transf.Fundo a Fundo de Recursos do SUS provenientes do Governo Federal - Bloco de Manutenção das Ações e Serviços Públicos de Saúde (Exerc.Corrente);FISCAL;10;NÃO INFORMADO;NÃO INFORMADO;;;3.3.90.36.00;;300.000;SAÚDE-Convênios/entidades/fundos;0;0;0;3.3.90.36.00;OUTROS SERVIÇOS DE TERCEIROS - PESSOA FÍSICA;0;
0;30000;30000;10;304;1001;1034;0000;0;30000;0;0;0;0;0;0;02;PODER EXECUTIVO;0201;GABINETE DO PREFEITO;020105;3;DESPESAS CORRENTES;3;OUTRAS DESPESAS CORRENTES;90;APLICAÇÕES DIRETAS;36;OUTROS SERVIÇOS DE TERCEIROS - PESSOA FÍSICA;OUTROS SERVIÇOS DE TERCEIROS - PESSOA FÍSICA;Saúde;MAIS SAUDE;Vigilância Sanitária;Saúde Mais Perto;Saúde Mais Perto;3.3.90.36.00;DEPARTAMENTO MUNICIPAL DE SAÚDE;01;05;00;349;1;PREFEITURA MUNICIPAL DE PRADOPOLIS;0;Recursos nao Destinados a Contrapartida;05;TRANSFERÊNCIAS E CONVÊNIOS FEDERAIS-VINCULADOS;00;Recursos Ordinarios;303;VIGILÂNCIA EM SAÚDE;001;AÇÕES DE VIG. SANITARIA;0;0;OUTROS SERVIÇOS DE TERCEIROS - PESSOA FÍSICA;30000;0;30000;;;10.304.1001.1034.0000;Saúde Mais Perto;64;1.600;Transf.Fundo a Fundo de Recursos do SUS provenientes do Governo Federal - Bloco de Manutenção das Ações e Serviços Públicos de Saúde (Exerc.Corrente);FISCAL;10;NÃO INFORMADO;NÃO INFORMADO;;;3.3.90.36.00;;303.001;AÇÕES DE VIG. SANITARIA;0;0;0;3.3.90.36.00;OUTROS SERVIÇOS DE TERCEIROS - PESSOA FÍSICA;0;
0;-19200;0;10;304;1001;1034;0000;0;0;19200;19200;19200;19200;19200;19200;02;PODER EXECUTIVO;0201;GABINETE DO PREFEITO;020105;3;DESPESAS CORRENTES;3;OUTRAS DESPESAS CORRENTES;90;APLICAÇÕES DIRETAS;36;OUTROS SERVIÇOS DE TERCEIROS - PESSOA FÍSICA;OUTROS SERVIÇOS DE PESSOA FÍSICA;Saúde;MAIS SAUDE;Vigilância Sanitária;Saúde Mais Perto;Saúde Mais Perto;3.3.90.36.99;DEPARTAMENTO MUNICIPAL DE SAÚDE;01;05;99;349;1;PREFEITURA MUNICIPAL DE PRADOPOLIS;0;Recursos nao Destinados a Contrapartida;05;TRANSFERÊNCIAS E CONVÊNIOS FEDERAIS-VINCULADOS;00;Recursos Ordinarios;303;VIGILÂNCIA EM SAÚDE;001;AÇÕES DE VIG. SANITARIA;0;0;OUTROS SERVIÇOS DE PESSOA FÍSICA;;;;;;10.304.1001.1034.0000;Saúde Mais Perto;64;1.600;Transf.Fundo a Fundo de Recursos do SUS provenientes do Governo Federal - Bloco de Manutenção das Ações e Serviços Públicos de Saúde (Exerc.Corrente);FISCAL;10;NÃO INFORMADO;NÃO INFORMADO;;;3.3.90.36.99;;303.001;AÇÕES DE VIG. SANITARIA;0;0;0;3.3.90.36.00;OUTROS SERVIÇOS DE TERCEIROS - PESSOA FÍSICA;0;
0;1;1;10;305;1001;1038;0000;1;0;0;0;0;0;0;0;02;PODER EXECUTIVO;0201;GABINETE DO PREFEITO;020105;3;DESPESAS CORRENTES;3;OUTRAS DESPESAS CORRENTES;90;APLICAÇÕES DIRETAS;36;OUTROS SERVIÇOS DE TERCEIROS - PESSOA FÍSICA;OUTROS SERVIÇOS DE TERCEIROS - PESSOA FÍSICA;Saúde;MAIS SAUDE;Vigilância Epidemiológica;Monitorar para Proteger;Monitorar para Proteger;3.3.90.36.00;DEPARTAMENTO MUNICIPAL DE SAÚDE;01;05;00;215;1;PREFEITURA MUNICIPAL DE PRADOPOLIS;0;Recursos nao Destinados a Contrapartida;05;TRANSFERÊNCIAS E CONVÊNIOS FEDERAIS-VINCULADOS;00  ;Recursos Ordinarios;300;SAÚDE;000;SAÚDE-Convênios/entidades/fundos;0;0;OUTROS SERVIÇOS DE TERCEIROS - PESSOA FÍSICA;;;;;;10.305.1001.1038.0000;Monitorar para Proteger;0;1.600;Transf.Fundo a Fundo de Recursos do SUS provenientes do Governo Federal - Bloco de Manutenção das Ações e Serviços Públicos de Saúde (Exerc.Corrente);FISCAL;10;NÃO INFORMADO;NÃO INFORMADO;;;3.3.90.36.00;;300.000;SAÚDE-Convênios/entidades/fundos;0;0;0;3.3.90.36.00;OUTROS SERVIÇOS DE TERCEIROS - PESSOA FÍSICA;0;
0;1;1;12;361;1002;1026;0000;1;0;0;0;0;0;0;0;02;PODER EXECUTIVO;0201;GABINETE DO PREFEITO;020102;3;DESPESAS CORRENTES;3;OUTRAS DESPESAS CORRENTES;90;APLICAÇÕES DIRETAS;36;OUTROS SERVIÇOS DE TERCEIROS - PESSOA FÍSICA;OUTROS SERVIÇOS DE TERCEIROS - PESSOA FÍSICA;Educação;MAIS EDUCAÇÃO;Ensino Fundamental;Avança Mais: Reforço e Recuperação da Aprendizagem;Avança Mais: Reforço e Recuperação da Aprendizagem;3.3.90.36.00;DEPARTAMENTO MUNICIPAL DE EDUCAÇÃO;01;02;00;70;1;PREFEITURA MUNICIPAL DE PRADOPOLIS;0;Recursos nao Destinados a Contrapartida;05;TRANSFERÊNCIAS E CONVÊNIOS FEDERAIS-VINCULADOS;00  ;Recursos Ordinarios;200;EDUCAÇÃO;000;EDUCAÇÃO-Convênios/entidades/fundos;0;0;OUTROS SERVIÇOS DE TERCEIROS - PESSOA FÍSICA;;;;;;12.361.1002.1026.0000;Avança Mais: Reforço e Recuperação da Aprendizagem;0;1.569;Outras Transferências de Recursos do FNDE (Exerc.Corrente);FISCAL;10;NÃO INFORMADO;NÃO INFORMADO;;;3.3.90.36.00;;200.000;EDUCAÇÃO-Convênios/entidades/fundos;0;0;0;3.3.90.36.00;OUTROS SERVIÇOS DE TERCEIROS - PESSOA FÍSICA;0;
0;1;1;12;365;1002;1024;0000;1;0;0;0;0;0;0;0;02;PODER EXECUTIVO;0201;GABINETE DO PREFEITO;020102;3;DESPESAS CORRENTES;3;OUTRAS DESPESAS CORRENTES;90;APLICAÇÕES DIRETAS;36;OUTROS SERVIÇOS DE TERCEIROS - PESSOA FÍSICA;OUTROS SERVIÇOS DE TERCEIROS - PESSOA FÍSICA;Educação;MAIS EDUCAÇÃO;Educação Infantil;Reformulação do currículo integrado, com atividades extracur;Reformulação do currículo integrado, com atividades extracur;3.3.90.36.00;DEPARTAMENTO MUNICIPAL DE EDUCAÇÃO;01;02;00;94;1;PREFEITURA MUNICIPAL DE PRADOPOLIS;0;Recursos nao Destinados a Contrapartida;05;TRANSFERÊNCIAS E CONVÊNIOS FEDERAIS-VINCULADOS;00  ;Recursos Ordinarios;200;EDUCAÇÃO;000;EDUCAÇÃO-Convênios/entidades/fundos;0;0;OUTROS SERVIÇOS DE TERCEIROS - PESSOA FÍSICA;;;;;;12.365.1002.1024.0000;Reformulação do currículo integrado, com atividades extracurriculares diversificadas;0;1.569;Outras Transferências de Recursos do FNDE (Exerc.Corrente);FISCAL;10;PRÉ ESCOLA;NÃO INFORMADO;PE;;3.3.90.36.00;;200.000;EDUCAÇÃO-Convênios/entidades/fundos;0;0;0;3.3.90.36.00;OUTROS SERVIÇOS DE TERCEIROS - PESSOA FÍSICA;0;
